Company,Category
Fresh Corp,Food
Quality Foods Ltd,Food
Natural Harvest Co,Food
Pure Taste Industries,Food
Golden Grove Farms,Food
Sunny Fields Corp,Food
Healthy Choice Foods,Food
Organic Vitality Co,Food
Fresh Start Co.,Food
Green Leaf Enterprises,Food
Prime Produce Inc,Food
Harvest Time Foods,Food
Farm-Fresh Products,Food
Natura Best Foods,Food
Pure Essence Ltd,Food
Vital Nutrition Co,Food
Wholesome Goods Inc,Food
Fresh Farms LLC,Food
Clean Eating Corp,Food
HealthPrime Foods,Food
NaturalWay,Food
PureLife,Food
FreshMart Foods,Food
GreenChoice,Food
HealthyLiving,Food
MegaMart Retail Inc,Retail
SuperShop Corporation,Retail
ValueMart Company,Retail
BulkBuy Wholesale,Retail
ConvenientStop Inc,Retail
CircleShop Stores,Retail
FastStop LLC,Retail
GeneralStore Inc,Retail
MarketPlace Super Centers,Retail
TechWorld Electronics,Electronics
TechWorld Electronics,Electronics
HomeElectronics,Electronics
HomeElectronics,Electronics
TechSolutions Inc,Electronics
ComputerPlus Inc,Electronics
TechSolutions Inc,Electronics
NotebookPro Group,Electronics
DeviceWorks Inc,Electronics
PrinterPro America,Electronics
SportSwear Inc,Clothing
ActiveWear AG,Clothing
Performance Inc,Clothing
DenimCraft Co,Clothing
CasualWear LLC,Clothing
CasualWear LLC,Clothing
YouthFashion Outfitters,Clothing
StyleBrand Co,Clothing
FastFashion Inc,Clothing
TrendyClothes Inc,Clothing
PersonalCare Corp,Health
CleanCorp Co,Health
BeautyGlobal NV,Health
OralCare Co,Health
CosmeticsCorp SA,Health
HealthStore Alliance,Health
PharmaCare Corporation,Health
MediStore Corporation,Health
PetFood Nutrition,Pet
AnimalCare Corp,Pet
PetHealth Nutrition,Pet
BluePaws Co,Pet
DogFood Co,Pet
CatTreats Company,Pet
ProPet Plan,Pet
RoyalPaws USA,Pet
PetWellness Company,Pet
PetVitality Corp,Pet
MotorOil Inc,Automotive
EngineLube Oil,Automotive
FluidCare Limited,Automotive
FuelOil Products,Automotive
PowerFluid Industries,Automotive
FuelCorp Corporation,Automotive
PetroProducts America,Automotive
OfficeSupply Inc,Office
WorkSpace Inc,Office
OfficeSupply Inc,Office
BusinessCenter Office,Office
PackageShip Inc,Office
AdhesiveTech Company,Office
LabelCorp Corp,Office
WritingTools Inc,Office
PenCraft Corporation,Office
WriteMaster Corp,Office
GreetingCorp Inc,Office
CardCorp Inc,Office
PartySupply Holdings,Office
CelebrationStore Inc,Office
EventSupply Corp,Office
SportEquip Worldwide,Sports
BallSports Inc,Sports
GolfClub Co,Sports
SwingCorp Company,Sports
MaxCl Co,Sports
GolfBalls Corp,Sports
ClubMaster Inc,Sports
BaseballGear Inc,Sports
BatCorp Inc,Sports
SportGear Inc,Sports
Athletic Inc,Sports
HomeCenter Inc,Home
BargainStore Corporation,Home
ValueTree Inc,Home
FamilyMark Stores,Home
OfficeMart Corp,Office
BuildMart Inc,Home
